{
    "resources": [
        {
            "name": "controller/CrearEmpleado.controller.js"
        },
        {
            "name": "controller/VisualizarEmpleado.controller.js"
        },
        {
            "name": "model/models.js"
        },
        {
            "name": "manifest.json"
        },
        {
            "name": "controller/Main.controller.js"
        },
        {
            "name": "i18n/i18n.properties",
            "raw": "i18n/i18n.properties"
        },
        {
            "name": "controller/App.controller.js"
        },
        {
            "name": "Component.js"
        },
        {
            "name": "manifest-bundle.zip"
        },
        {
            "name": "Component-preload.js",
            "merged": true
        },
        {
            "name": "Component-dbg.js",
            "isDebug": true
        },
        {
            "name": "controller/VisualizarEmpleado-dbg.controller.js",
            "isDebug": true
        },
        {
            "name": "controller/Main-dbg.controller.js",
            "isDebug": true
        },
        {
            "name": "controller/CrearEmpleado-dbg.controller.js",
            "isDebug": true
        },
        {
            "name": "controller/App-dbg.controller.js",
            "isDebug": true
        },
        {
            "name": "model/models-dbg.js",
            "isDebug": true
        },
        {
            "name": "../../sap-ui-version.json"
        },
        {
            "name": "view/VisualizarEmpleado.view.xml"
        },
        {
            "name": "view/Main.view.xml"
        },
        {
            "name": "view/CrearEmpleado.view.xml"
        },
        {
            "name": "view/App.view.xml"
        },
        {
            "name": "fragment/DatosEmpleado.fragment.xml"
        },
        {
            "name": "fragment/AscensoEmpleado.fragment.xml"
        },
        {
            "name": "css/style.css"
        },
        {
            "name": "index.html"
        }
    ]
}