{
  "Component-preload.js": 1622894394937,
  "controller/VisualizarEmpleado.controller.js": 1622894094198,
  "model/models.js": 1621975327519,
  "manifest.json": 1622894395016,
  "controller/Main.controller.js": 1622881970505,
  "controller/CrearEmpleado.controller.js": 1622890260827,
  "controller/App.controller.js": 1622125095580,
  "Component.js": 1622885699246,
  "manifest-bundle.zip": 1622894394499,
  "i18n/i18n.properties": 1622891114203,
  "Component-dbg.js": 1622885699246,
  "controller/VisualizarEmpleado-dbg.controller.js": 1622894094198,
  "controller/Main-dbg.controller.js": 1622881970505,
  "controller/CrearEmpleado-dbg.controller.js": 1622890260827,
  "controller/App-dbg.controller.js": 1622125095580,
  "model/models-dbg.js": 1621975327519,
  "resources.json": 1622894395019,
  "view/VisualizarEmpleado.view.xml": 1622891228699,
  "view/Main.view.xml": 1622364621114,
  "view/CrearEmpleado.view.xml": 1622890260827,
  "view/App.view.xml": 1622125095588,
  "fragment/DatosEmpleado.fragment.xml": 1622890260835,
  "fragment/AscensoEmpleado.fragment.xml": 1622883757605,
  "css/style.css": 1621975327519,
  "index.html": 1622364621114
}